{
  "train_losses": [
    1.3672071933746337,
    1.3556997776031494,
    1.3202968835830688,
    1.3297812819480896,
    1.3172502636909484,
    1.305880355834961,
    1.2948713421821594,
    1.31178160905838,
    1.312914788722992,
    1.2967935919761657,
    1.3034275650978089,
    1.2887601613998414,
    1.2976263284683227,
    1.295786476135254,
    1.2906087994575501
  ],
  "val_losses": [
    1.2831242203712463,
    1.232408583164215,
    1.1354822874069215,
    1.152828872203827,
    1.0912654042243957,
    1.1380706548690795,
    1.1639529585838317,
    1.1260032057762146,
    1.136228609085083,
    1.102055561542511,
    1.1344419598579407,
    1.1122798681259156,
    1.0971612811088562,
    1.0886406183242798,
    1.0847293734550476
  ],
  "val_accuracies": [
    54.666666666666664,
    54.666666666666664,
    54.666666666666664,
    54.666666666666664,
    54.666666666666664,
    54.666666666666664,
    54.666666666666664,
    54.666666666666664,
    54.666666666666664,
    74.66666666666667,
    76.0,
    76.66666666666667,
    78.0,
    84.0,
    84.66666666666667
  ],
  "concept_accuracies": [
    89.38095238095238,
    89.61904761904762,
    90.38095238095238,
    90.04761904761905,
    89.9047619047619,
    89.42857142857143,
    89.80952380952381,
    90.47619047619048,
    90.38095238095238,
    89.76190476190476,
    89.66666666666667,
    90.14285714285714,
    90.76190476190476,
    91.42857142857143,
    91.33333333333333
  ],
  "f1_scores": [
    0.7068965517241379,
    0.7068965517241379,
    0.7068965517241379,
    0.7068965517241379,
    0.7068965517241379,
    0.7068965517241379,
    0.7068965517241379,
    0.7068965517241379,
    0.7068965517241379,
    0.8118811881188119,
    0.7804878048780488,
    0.8066298342541437,
    0.8047337278106509,
    0.8588235294117647,
    0.8654970760233918
  ]
}