{
  "train_losses": [
    1.2936677447954814,
    1.2756976938247682,
    1.2714957388242085,
    1.2632156276702882,
    1.2618236255645752,
    1.2584156545003256,
    1.2541592915852864,
    1.24790380636851,
    1.2345197892189026,
    1.2326389567057292,
    1.2255833212534586,
    1.2231767892837524,
    1.2213920108477274,
    1.212998239994049,
    1.2186430033047995,
    1.2122905858357746,
    1.2162994734446209,
    1.2053923042615255,
    1.20448965549469,
    1.2032802414894104
  ],
  "val_losses": [
    1.2671501134571277,
    1.2456256464907998,
    1.2830927246495296,
    1.2839274406433105,
    1.2609939700678776,
    1.2619560611875433,
    1.2458386640799672,
    1.2473849716939425,
    1.2220504754468013,
    1.3068714330070896,
    1.192262511504324,
    1.1907773802154942,
    1.1866611587373834,
    1.1727727620225203,
    1.2119167415719283,
    1.2170948856755306,
    1.1814887209942466,
    1.1543601892496411,
    1.1678433637869985,
    1.1610172830129926
  ],
  "val_accuracies": [
    54.00667779632721,
    57.76293823038397,
    57.51252086811352,
    51.419031719532555,
    52.587646076794655,
    58.347245409015024,
    54.50751252086811,
    55.59265442404007,
    62.52086811352254,
    51.08514190317195,
    63.35559265442404,
    64.44073455759599,
    64.9415692821369,
    67.02838063439066,
    61.769616026711184,
    61.602671118530886,
    65.44240400667779,
    67.779632721202,
    66.19365609348915,
    67.02838063439066
  ],
  "concept_accuracies": [
    70.42988313856428,
    72.18280467445743,
    70.1446855870896,
    70.08208124652198,
    71.97412353923205,
    70.23511407902059,
    71.49415692821368,
    73.21925431274346,
    72.5862548692265,
    70.13772954924875,
    72.61407902058987,
    73.38619922092376,
    72.7253756260434,
    73.50445186421814,
    71.61240957150807,
    71.52198107957707,
    73.01057317751808,
    73.51140790205899,
    73.45575959933223,
    73.7270450751252
  ],
  "f1_scores": [
    0.6768328445747801,
    0.6777070063694267,
    0.5014691478942214,
    0.679162072767365,
    0.6823266219239373,
    0.512218963831867,
    0.6629560915275201,
    0.655440414507772,
    0.5460060667340748,
    0.11212121212121212,
    0.5623130608175474,
    0.6602870813397129,
    0.5625,
    0.6544181977252843,
    0.48769574944071586,
    0.46511627906976744,
    0.6194852941176471,
    0.6631762652705061,
    0.6715328467153284,
    0.6366145354185833
  ]
}